{
  "Author": "JiaXX",
  "Name": "JiaTools",
  "Punchline": "在游戏中显示对象的详细信息",
  "Description": "在游戏中显示对象的详细信息，包括玩家、NPC、事件对象等的 EntityID、DataID、位置、旋转、距离、生命值、咏唱信息、状态效果等。",
  "InternalName": "JiaTools",
  "ApplicableVersion": "any",
  "Tags": [
    "utility",
    "overlay",
    "debug"
  ],
  "DalamudApiLevel": 13,
  "LoadRequiredState": 0,
  "LoadSync": false,
  "CanUnloadAsync": false,
  "LoadPriority": 0,
  "IconUrl": "https://raw.githubusercontent.com/JiaXX7799/DalamudPlugins/main/icon.png",
  "Changelog": ""
}
